Label,# Samples,Average,Median,90% Line,95% Line,99% Line,Min,Max,Error %,Throughput,Received KB/sec,Sent KB/sec
clickOnOurStoresLink-61,25,3334,3034,4834,5329,8604,1196,8604,0.000%,.01826,0.51,0.01
SelectPaymentMethod-106,50,4676,4399,6459,6858,9008,1501,9008,0.000%,.03519,0.92,0.06
shopingCartPage,25,3461,3476,4710,5528,5632,1335,5632,0.000%,.01820,1.46,0.01
SelectCategory-69,50,221,205,305,306,307,194,307,100.000%,.03245,0.01,0.02
SelectCategory-66,50,3815,3785,4932,5231,7154,1430,7154,0.000%,.03227,1.78,0.02
orderProducts-90,50,2800,2742,4199,4503,5835,761,5835,0.000%,.03589,0.93,0.03
searchProductByName-58,25,241,212,304,307,307,196,307,100.000%,.01818,0.01,0.01
SelectCategory-81,50,4150,4277,5622,5836,6347,1843,6347,0.000%,.03296,2.32,0.03
addProductToCart-85,50,2913,2493,4911,5324,6135,1049,6135,0.000%,.03559,0.61,0.04
clickOnManufacurerLink-68,25,4156,3882,5389,6652,7478,2214,7478,0.000%,.01818,1.37,0.01
clickOnCategoryLink-23,25,3768,3478,5524,5833,5932,2145,5932,0.000%,.01818,1.00,0.01
SearchProduct-20,25,3455,3235,4410,5317,6752,1943,6752,0.000%,.01817,0.92,0.01
SelectPaymentOption-105,50,2820,2867,3961,4530,5832,197,5832,2.000%,.03373,0.86,0.03
userLogout-18,25,2793,2824,3974,3991,4383,1390,4383,0.000%,.01820,0.63,0.01
SearchProductByName-59,25,242,206,304,312,509,198,509,100.000%,.01824,0.01,0.01
SearchProduct-3,25,2477,2377,2966,4616,5322,1055,5322,0.000%,.01820,0.01,0.01
SearchProduct-4,25,3213,3232,3989,4585,6845,1273,6845,0.000%,.01820,0.90,0.01
identityPage,50,4831,4416,6653,7532,9832,2855,9832,0.000%,.03476,1.21,0.05
SelectCategory-77,50,3647,3375,4627,5426,5955,2204,5955,0.000%,.03062,1.68,0.02
SelectCategory-62,50,3963,3780,4850,5105,7372,2353,7372,0.000%,.03436,2.22,0.03
clickOnCategory-39,25,4000,3815,5116,5226,5528,2146,5528,0.000%,.01825,1.77,0.01
clickonPriceDrop-72,25,3148,2862,4183,4707,5835,1443,5835,0.000%,.01827,1.00,0.01
signOut-84,25,2576,2558,3502,3635,3781,1373,3781,0.000%,.01828,0.63,0.01
submitOrder-99,50,2913,2660,3995,4445,5120,1370,5120,0.000%,.03148,0.81,0.03
clickOnCategory-71,25,4174,4088,5197,5602,5629,2560,5629,0.000%,.01828,1.77,0.01
clickOnCategoryLink-50,25,4123,4000,5011,5294,6235,2655,6235,0.000%,.01828,1.77,0.01
clickOnCategory-36,25,4315,4516,5316,5629,6868,2450,6868,0.000%,.01831,1.78,0.01
SelectCategory-68,50,216,205,250,283,305,193,305,100.000%,.03517,0.01,0.02
clickOnCategory-42,25,4133,4092,5001,5652,5932,2661,5932,0.000%,.01834,1.78,0.01
SearchProductByPrice-61,25,247,208,305,307,314,194,314,100.000%,.01842,0.01,0.01
clickOnOrderLink-73,25,4356,4197,5222,5899,6858,2888,6858,0.000%,.01836,0.65,0.02
addProductToCart-39,25,2679,2215,4290,5707,6857,1123,6857,0.000%,.01842,0.31,0.02
myAccountPage-74,25,4371,4072,5615,6518,8486,2496,8486,0.000%,.01845,0.65,0.02
storeMapLocation-65,25,91,82,103,149,151,77,151,0.000%,.01851,0.01,0.01
OrderConfirmation-107,50,6888,6757,10027,10250,13341,3755,13341,0.000%,.03257,1.14,0.08
clickOnCategoryLink-25,25,4749,4302,6721,7573,7987,3170,7987,0.000%,.01841,1.79,0.01
myAccountPage-17,50,4946,4689,6449,7371,8498,2551,8498,0.000%,.03588,1.25,0.05
contactUsPage-80,25,3131,2864,4501,4609,5314,1713,5314,0.000%,.01838,0.53,0.01
clickOnCategory-38,25,4601,4124,5409,8453,9310,2975,9310,0.000%,.01837,1.78,0.01
addProductToCart-87,50,3450,2681,5826,6485,7518,1226,7518,0.000%,.03415,0.58,0.04
homePage,25,4037,3683,5717,5821,6652,2558,6652,0.000%,.01841,1.47,0.01
clickOnCategoryLink-20,25,4583,4513,5832,6244,8290,195,8290,4.000%,.01838,1.55,0.01
clickOnCategoryLink-21,25,4242,4362,5835,7373,7445,218,7445,4.000%,.01844,0.98,0.01
SelectShippingDeliveryOption-102,50,2998,2856,4086,4200,5368,1049,5368,0.000%,.03666,0.94,0.03
myAccountPage-70,25,5392,5300,6323,6510,7126,3018,7126,0.000%,.01834,0.65,0.02
clickOnAddToCart-43,25,5005,5072,5732,6052,7916,2954,7916,0.000%,.01836,1.78,0.01
SearchProduct-1,25,2848,2660,3863,3997,4001,567,4001,0.000%,.01838,0.00,0.01
SelectCategoryByPrice-76,50,270,207,307,450,851,195,851,100.000%,.03500,0.01,0.02
/index.php-76,25,4738,4842,5733,6350,6666,3015,6666,0.000%,.01835,1.78,0.01
addProductToCart-83,50,3399,2713,5761,6359,7680,1071,7680,0.000%,.03505,0.60,0.04
SelectCategory-70,50,242,206,311,455,510,194,510,100.000%,.03479,0.01,0.02
clickOnCategory-29,25,4724,4999,5828,6023,6448,2931,6448,0.000%,.01834,1.78,0.01
SelectCategory-71,50,4469,4299,5632,6242,7067,2330,7067,0.000%,.03465,3.04,0.03
OrderProducts-95,50,3108,2969,4477,5035,5593,1441,5593,0.000%,.03578,0.92,0.03
clickOnAddToCart-46,25,6300,6037,8077,9341,10033,3598,10033,0.000%,.01828,1.48,0.02
clickOnAddToCart-44,25,6239,6130,7823,8902,10110,3183,10110,0.000%,.01822,1.47,0.02
clickOnCategoryLink-19,25,4934,4607,6449,7780,8081,2966,8081,0.000%,.01825,1.77,0.01
addProductToCart-79,50,3518,2836,6036,7262,7882,1496,7882,0.000%,.03583,0.61,0.04
storeMap-64,25,101,82,149,155,160,78,160,0.000%,.01834,0.02,0.02
clickaddressLink-75,25,5536,5489,7499,8860,8995,2680,8995,0.000%,.01829,0.64,0.02
addProductToCart-17,25,3564,3012,5185,6924,7571,1351,7571,0.000%,.01834,0.31,0.02
validLogin,25,3276,2948,4383,4969,5624,2038,5624,0.000%,.01838,0.63,0.03
SearchProductbyPrice-13,25,3911,3806,5104,5915,6516,1917,6516,0.000%,.01845,0.92,0.02
clickOnCategoryLink-54,25,5052,4705,6707,7870,8264,2976,8264,0.000%,.01844,1.79,0.01
clickOnAddCartLink-60,25,6407,5911,8381,9521,9588,3551,9588,0.000%,.01852,1.50,0.02
SearchProduct-19,25,3519,3579,5123,5502,5527,2070,5527,0.000%,.01854,0.92,0.02
clickOnCategoryLink-52,25,4564,4412,5734,5992,6041,3003,6041,0.000%,.01849,1.79,0.01
SearchProduct-2,25,2655,2456,3566,3786,4403,1458,4403,0.000%,.01849,0.01,0.01
myAccountPage,25,4917,4624,6492,7196,7217,2948,7217,0.000%,.01846,0.64,0.02
addProductToCart-60,25,3172,2773,5155,7065,8176,1226,8176,0.000%,.01852,0.32,0.02
searchProductByCategory-40,25,3540,3583,4502,4810,4865,1733,4865,0.000%,.01860,1.02,0.01
clickOnCategoryLink-49,25,4306,4313,5180,5836,6141,2935,6141,0.000%,.01860,1.80,0.01
clickOnFindStoreLink-66,25,89,82,110,125,134,77,134,0.000%,.01866,0.01,0.01
clickStoreLocationLink-63,25,111,96,126,216,253,85,253,0.000%,.01867,0.10,0.01
clickOnAccountHistory-69,25,4514,4186,5810,6799,8499,1924,8499,0.000%,.01864,0.66,0.02
TOTAL,2425,3408,3464,5799,6735,8499,77,13341,11.464%,1.44155,60.86,1.20
1626155819970,209,SelectCategory-69,403,Forbidden,Thread Group 1-1,text,false,,428,608,2,2,http://automationpractice.com/modules/blocklayered/blocklayered-ajax.php?id_category_layered=5&layered_id_attribute_group_13=13_3&layered_price_slider=16_17&orderby=reference&orderway=desctrue&_=1625726754343,209,0,0
1626155823246,305,searchProductByName-58,403,Forbidden,Thread Group 1-1,text,false,,428,568,2,2,http://automationpractice.com/modules/blocklayered/blocklayered-ajax.php?id_category_layered=7&layered_price_slider=26_28&orderby=name&orderway=desctrue&_=1625726707731,305,0,0
1626155825396,306,SelectCategory-69,403,Forbidden,Thread Group 1-2,text,false,,428,608,2,2,http://automationpractice.com/modules/blocklayered/blocklayered-ajax.php?id_category_layered=5&layered_id_attribute_group_13=13_3&layered_price_slider=16_17&orderby=reference&orderway=desctrue&_=1625726754343,305,0,0
1626155828633,202,searchProductByName-58,403,Forbidden,Thread Group 1-2,text,false,,428,568,3,3,http://automationpractice.com/modules/blocklayered/blocklayered-ajax.php?id_category_layered=7&layered_price_slider=26_28&orderby=name&orderway=desctrue&_=1625726707731,202,0,0
1626155832445,199,SelectCategory-69,403,Forbidden,Thread Group 1-3,text,false,,428,608,4,4,http://automationpractice.com/modules/blocklayered/blocklayered-ajax.php?id_category_layered=5&layered_id_attribute_group_13=13_3&layered_price_slider=16_17&orderby=reference&orderway=desctrue&_=1625726754343,199,0,0
1626155838233,198,searchProductByName-58,403,Forbidden,Thread Group 1-3,text,false,,428,568,5,5,http://automationpractice.com/modules/blocklayered/blocklayered-ajax.php?id_category_layered=7&layered_price_slider=26_28&orderby=name&orderway=desctrue&_=1625726707731,198,0,0
1626155842804,271,SelectCategory-69,403,Forbidden,Thread Group 1-4,text,false,,428,608,5,5,http://automationpractice.com/modules/blocklayered/blocklayered-ajax.php?id_category_layered=5&layered_id_attribute_group_13=13_3&layered_price_slider=16_17&orderby=reference&orderway=desctrue&_=1625726754343,271,0,0
1626155845876,208,SearchProductByName-59,403,Forbidden,Thread Group 1-1,text,false,,428,593,5,5,http://automationpractice.com/modules/blocklayered/blocklayered-ajax.php?layered_manufacturer_1=1&id_category_layered=7&layered_price_slider=26_28&orderby=name&orderway=desctrue&_=1625726707732,208,0,0
1626155848334,203,searchProductByName-58,403,Forbidden,Thread Group 1-4,text,false,,428,568,5,5,http://automationpractice.com/modules/blocklayered/blocklayered-ajax.php?id_category_layered=7&layered_price_slider=26_28&orderby=name&orderway=desctrue&_=1625726707731,203,0,0
1626155848534,309,SelectCategory-69,403,Forbidden,Thread Group 1-5,text,false,,428,608,5,5,http://automationpractice.com/modules/blocklayered/blocklayered-ajax.php?id_category_layered=5&layered_id_attribute_group_13=13_3&layered_price_slider=16_17&orderby=reference&orderway=desctrue&_=1625726754343,309,0,0
1626155855706,205,searchProductByName-58,403,Forbidden,Thread Group 1-5,text,false,,428,568,5,5,http://automationpractice.com/modules/blocklayered/blocklayered-ajax.php?id_category_layered=7&layered_price_slider=26_28&orderby=name&orderway=desctrue&_=1625726707731,205,0,0
1626155855908,206,SearchProductByName-59,403,Forbidden,Thread Group 1-2,text,false,,428,593,5,5,http://automationpractice.com/modules/blocklayered/blocklayered-ajax.php?layered_manufacturer_1=1&id_category_layered=7&layered_price_slider=26_28&orderby=name&orderway=desctrue&_=1625726707732,206,0,0
1626155866972,211,SearchProductByName-59,403,Forbidden,Thread Group 1-3,text,false,,428,593,5,5,http://automationpractice.com/modules/blocklayered/blocklayered-ajax.php?layered_manufacturer_1=1&id_category_layered=7&layered_price_slider=26_28&orderby=name&orderway=desctrue&_=1625726707732,211,0,0
1626155880895,208,SearchProductByName-59,403,Forbidden,Thread Group 1-4,text,false,,428,593,5,5,http://automationpractice.com/modules/blocklayered/blocklayered-ajax.php?layered_manufacturer_1=1&id_category_layered=7&layered_price_slider=26_28&orderby=name&orderway=desctrue&_=1625726707732,208,0,0
1626155886016,207,SearchProductByName-59,403,Forbidden,Thread Group 1-5,text,false,,428,593,5,5,http://automationpractice.com/modules/blocklayered/blocklayered-ajax.php?layered_manufacturer_1=1&id_category_layered=7&layered_price_slider=26_28&orderby=name&orderway=desctrue&_=1625726707732,207,0,0
1626155906478,207,SelectCategory-68,403,Forbidden,Thread Group 1-1,text,false,,428,573,5,5,http://automationpractice.com/modules/blocklayered/blocklayered-ajax.php?id_category_layered=5&layered_price_slider=16_17&orderby=reference&orderway=desctrue&_=1625726754342,206,0,0
1626155910070,316,SearchProductByPrice-61,403,Forbidden,Thread Group 1-1,text,false,,428,594,5,5,http://automationpractice.com/modules/blocklayered/blocklayered-ajax.php?layered_manufacturer_1=1&id_category_layered=7&layered_price_slider=26_28&orderby=price&orderway=desctrue&_=1625726707733,316,0,0
1626155914251,230,SelectCategory-68,403,Forbidden,Thread Group 1-2,text,false,,428,573,5,5,http://automationpractice.com/modules/blocklayered/blocklayered-ajax.php?id_category_layered=5&layered_price_slider=16_17&orderby=reference&orderway=desctrue&_=1625726754342,230,0,0
1626155917617,198,SearchProductByPrice-61,403,Forbidden,Thread Group 1-2,text,false,,428,594,5,5,http://automationpractice.com/modules/blocklayered/blocklayered-ajax.php?layered_manufacturer_1=1&id_category_layered=7&layered_price_slider=26_28&orderby=price&orderway=desctrue&_=1625726707733,198,0,0
1626155921043,211,SelectCategory-68,403,Forbidden,Thread Group 1-3,text,false,,428,573,5,5,http://automationpractice.com/modules/blocklayered/blocklayered-ajax.php?id_category_layered=5&layered_price_slider=16_17&orderby=reference&orderway=desctrue&_=1625726754342,211,0,0
1626155924927,220,SearchProductByPrice-61,403,Forbidden,Thread Group 1-3,text,false,,428,594,5,5,http://automationpractice.com/modules/blocklayered/blocklayered-ajax.php?layered_manufacturer_1=1&id_category_layered=7&layered_price_slider=26_28&orderby=price&orderway=desctrue&_=1625726707733,219,0,0
1626155934153,211,SelectCategory-68,403,Forbidden,Thread Group 1-4,text,false,,428,573,5,5,http://automationpractice.com/modules/blocklayered/blocklayered-ajax.php?id_category_layered=5&layered_price_slider=16_17&orderby=reference&orderway=desctrue&_=1625726754342,211,0,0
1626155939061,210,SearchProductByPrice-61,403,Forbidden,Thread Group 1-4,text,false,,428,594,5,5,http://automationpractice.com/modules/blocklayered/blocklayered-ajax.php?layered_manufacturer_1=1&id_category_layered=7&layered_price_slider=26_28&orderby=price&orderway=desctrue&_=1625726707733,210,0,0
1626155939428,235,SelectCategory-68,403,Forbidden,Thread Group 1-5,text,false,,428,573,5,5,http://automationpractice.com/modules/blocklayered/blocklayered-ajax.php?id_category_layered=5&layered_price_slider=16_17&orderby=reference&orderway=desctrue&_=1625726754342,235,0,0
1626155944860,198,SearchProductByPrice-61,403,Forbidden,Thread Group 1-5,text,false,,428,594,5,5,http://automationpractice.com/modules/blocklayered/blocklayered-ajax.php?layered_manufacturer_1=1&id_category_layered=7&layered_price_slider=26_28&orderby=price&orderway=desctrue&_=1625726707733,198,0,0
1626155969974,203,SelectCategory-68,403,Forbidden,Thread Group 1-1,text,false,,428,573,5,5,http://automationpractice.com/modules/blocklayered/blocklayered-ajax.php?id_category_layered=5&layered_price_slider=16_17&orderby=reference&orderway=desctrue&_=1625726754342,203,0,0
1626155976226,194,SelectCategory-68,403,Forbidden,Thread Group 1-2,text,false,,428,573,5,5,http://automationpractice.com/modules/blocklayered/blocklayered-ajax.php?id_category_layered=5&layered_price_slider=16_17&orderby=reference&orderway=desctrue&_=1625726754342,193,0,0
1626155982483,201,SelectCategory-68,403,Forbidden,Thread Group 1-3,text,false,,428,573,5,5,http://automationpractice.com/modules/blocklayered/blocklayered-ajax.php?id_category_layered=5&layered_price_slider=16_17&orderby=reference&orderway=desctrue&_=1625726754342,201,0,0
1626155994420,203,SelectCategory-69,403,Forbidden,Thread Group 1-1,text,false,,428,608,5,5,http://automationpractice.com/modules/blocklayered/blocklayered-ajax.php?id_category_layered=5&layered_id_attribute_group_13=13_3&layered_price_slider=16_17&orderby=reference&orderway=desctrue&_=1625726754343,203,0,0
1626155994623,200,SelectCategoryByPrice-76,403,Forbidden,Thread Group 1-1,text,false,,428,569,5,5,http://automationpractice.com/modules/blocklayered/blocklayered-ajax.php?id_category_layered=8&layered_price_slider=16_53&orderby=price&orderway=desctrue&_=1625726822103,200,0,0
1626155994764,203,SelectCategory-68,403,Forbidden,Thread Group 1-4,text,false,,428,573,5,5,http://automationpractice.com/modules/blocklayered/blocklayered-ajax.php?id_category_layered=5&layered_price_slider=16_17&orderby=reference&orderway=desctrue&_=1625726754342,202,0,0
1626155998602,195,SelectCategory-68,403,Forbidden,Thread Group 1-5,text,false,,428,573,5,5,http://automationpractice.com/modules/blocklayered/blocklayered-ajax.php?id_category_layered=5&layered_price_slider=16_17&orderby=reference&orderway=desctrue&_=1625726754342,195,0,0
1626156001327,296,SelectCategory-69,403,Forbidden,Thread Group 1-2,text,false,,428,608,5,5,http://automationpractice.com/modules/blocklayered/blocklayered-ajax.php?id_category_layered=5&layered_id_attribute_group_13=13_3&layered_price_slider=16_17&orderby=reference&orderway=desctrue&_=1625726754343,296,0,0
1626156001624,212,SelectCategoryByPrice-76,403,Forbidden,Thread Group 1-2,text,false,,428,569,5,5,http://automationpractice.com/modules/blocklayered/blocklayered-ajax.php?id_category_layered=8&layered_price_slider=16_53&orderby=price&orderway=desctrue&_=1625726822103,212,0,0
1626156007052,199,SelectCategory-70,403,Forbidden,Thread Group 1-1,text,false,,428,604,5,5,http://automationpractice.com/modules/blocklayered/blocklayered-ajax.php?id_category_layered=5&layered_id_attribute_group_13=13_3&layered_price_slider=16_17&orderby=price&orderway=desctrue&_=1625726754344,199,0,0
1626156008856,199,SelectCategory-69,403,Forbidden,Thread Group 1-3,text,false,,428,608,5,5,http://automationpractice.com/modules/blocklayered/blocklayered-ajax.php?id_category_layered=5&layered_id_attribute_group_13=13_3&layered_price_slider=16_17&orderby=reference&orderway=desctrue&_=1625726754343,199,0,0
1626156009056,198,SelectCategoryByPrice-76,403,Forbidden,Thread Group 1-3,text,false,,428,569,5,5,http://automationpractice.com/modules/blocklayered/blocklayered-ajax.php?id_category_layered=8&layered_price_slider=16_53&orderby=price&orderway=desctrue&_=1625726822103,198,0,0
1626156011852,197,SelectCategory-70,403,Forbidden,Thread Group 1-2,text,false,,428,604,5,5,http://automationpractice.com/modules/blocklayered/blocklayered-ajax.php?id_category_layered=5&layered_id_attribute_group_13=13_3&layered_price_slider=16_17&orderby=price&orderway=desctrue&_=1625726754344,197,0,0
1626156018738,571,SelectCategory-69,403,Forbidden,Thread Group 1-4,text,false,,429,608,5,5,http://automationpractice.com/modules/blocklayered/blocklayered-ajax.php?id_category_layered=5&layered_id_attribute_group_13=13_3&layered_price_slider=16_17&orderby=reference&orderway=desctrue&_=1625726754343,571,0,371
1626156019311,195,SelectCategoryByPrice-76,403,Forbidden,Thread Group 1-4,text,false,,428,569,5,5,http://automationpractice.com/modules/blocklayered/blocklayered-ajax.php?id_category_layered=8&layered_price_slider=16_53&orderby=price&orderway=desctrue&_=1625726822103,195,0,0
1626156021119,267,SelectCategory-70,403,Forbidden,Thread Group 1-3,text,false,,428,604,5,5,http://automationpractice.com/modules/blocklayered/blocklayered-ajax.php?id_category_layered=5&layered_id_attribute_group_13=13_3&layered_price_slider=16_17&orderby=price&orderway=desctrue&_=1625726754344,267,0,0
1626156022913,418,SelectCategory-69,403,Forbidden,Thread Group 1-5,text,false,,429,608,5,5,http://automationpractice.com/modules/blocklayered/blocklayered-ajax.php?id_category_layered=5&layered_id_attribute_group_13=13_3&layered_price_slider=16_17&orderby=reference&orderway=desctrue&_=1625726754343,418,0,214
1626156023332,307,SelectCategoryByPrice-76,403,Forbidden,Thread Group 1-5,text,false,,428,569,5,5,http://automationpractice.com/modules/blocklayered/blocklayered-ajax.php?id_category_layered=8&layered_price_slider=16_53&orderby=price&orderway=desctrue&_=1625726822103,307,0,0
1626156034187,203,SelectCategory-70,403,Forbidden,Thread Group 1-4,text,false,,428,604,5,5,http://automationpractice.com/modules/blocklayered/blocklayered-ajax.php?id_category_layered=5&layered_id_attribute_group_13=13_3&layered_price_slider=16_17&orderby=price&orderway=desctrue&_=1625726754344,203,0,0
1626156039338,195,SelectCategory-70,403,Forbidden,Thread Group 1-5,text,false,,428,604,5,5,http://automationpractice.com/modules/blocklayered/blocklayered-ajax.php?id_category_layered=5&layered_id_attribute_group_13=13_3&layered_price_slider=16_17&orderby=price&orderway=desctrue&_=1625726754344,195,0,0
1626156056191,195,SelectCategoryByPrice-76,403,Forbidden,Thread Group 1-1,text,false,,428,569,5,5,http://automationpractice.com/modules/blocklayered/blocklayered-ajax.php?id_category_layered=8&layered_price_slider=16_53&orderby=price&orderway=desctrue&_=1625726822103,195,0,0
1626156064497,196,SelectCategoryByPrice-76,403,Forbidden,Thread Group 1-2,text,false,,428,569,5,5,http://automationpractice.com/modules/blocklayered/blocklayered-ajax.php?id_category_layered=8&layered_price_slider=16_53&orderby=price&orderway=desctrue&_=1625726822103,196,0,0
1626156075770,414,SelectCategoryByPrice-76,403,Forbidden,Thread Group 1-3,text,false,,429,569,5,5,http://automationpractice.com/modules/blocklayered/blocklayered-ajax.php?id_category_layered=8&layered_price_slider=16_53&orderby=price&orderway=desctrue&_=1625726822103,414,0,203
1626156089584,205,SelectCategory-70,403,Forbidden,Thread Group 1-1,text,false,,428,604,5,5,http://automationpractice.com/modules/blocklayered/blocklayered-ajax.php?id_category_layered=5&layered_id_attribute_group_13=13_3&layered_price_slider=16_17&orderby=price&orderway=desctrue&_=1625726754344,205,0,0
1626156093072,210,SelectCategoryByPrice-76,403,Forbidden,Thread Group 1-4,text,false,,428,569,5,5,http://automationpractice.com/modules/blocklayered/blocklayered-ajax.php?id_category_layered=8&layered_price_slider=16_53&orderby=price&orderway=desctrue&_=1625726822103,210,0,0
1626156098186,204,SelectCategory-70,403,Forbidden,Thread Group 1-2,text,false,,428,604,5,5,http://automationpractice.com/modules/blocklayered/blocklayered-ajax.php?id_category_layered=5&layered_id_attribute_group_13=13_3&layered_price_slider=16_17&orderby=price&orderway=desctrue&_=1625726754344,204,0,0
1626156099312,204,SelectCategoryByPrice-76,403,Forbidden,Thread Group 1-5,text,false,,428,569,5,5,http://automationpractice.com/modules/blocklayered/blocklayered-ajax.php?id_category_layered=8&layered_price_slider=16_53&orderby=price&orderway=desctrue&_=1625726822103,204,0,0
1626156111922,207,SelectCategory-70,403,Forbidden,Thread Group 1-3,text,false,,428,604,5,5,http://automationpractice.com/modules/blocklayered/blocklayered-ajax.php?id_category_layered=5&layered_id_attribute_group_13=13_3&layered_price_slider=16_17&orderby=price&orderway=desctrue&_=1625726754344,207,0,0
1626156123375,205,SelectCategory-70,403,Forbidden,Thread Group 1-4,text,false,,428,604,5,5,http://automationpractice.com/modules/blocklayered/blocklayered-ajax.php?id_category_layered=5&layered_id_attribute_group_13=13_3&layered_price_slider=16_17&orderby=price&orderway=desctrue&_=1625726754344,205,0,0
1626156127780,205,SelectCategory-70,403,Forbidden,Thread Group 1-5,text,false,,428,604,5,5,http://automationpractice.com/modules/blocklayered/blocklayered-ajax.php?id_category_layered=5&layered_id_attribute_group_13=13_3&layered_price_slider=16_17&orderby=price&orderway=desctrue&_=1625726754344,205,0,0
1626156157158,199,SelectCategory-69,403,Forbidden,Thread Group 1-1,text,false,,428,608,5,5,http://automationpractice.com/modules/blocklayered/blocklayered-ajax.php?id_category_layered=5&layered_id_attribute_group_13=13_3&layered_price_slider=16_17&orderby=reference&orderway=desctrue&_=1625726754343,199,0,0
1626156161837,247,SelectCategory-69,403,Forbidden,Thread Group 1-2,text,false,,428,608,5,5,http://automationpractice.com/modules/blocklayered/blocklayered-ajax.php?id_category_layered=5&layered_id_attribute_group_13=13_3&layered_price_slider=16_17&orderby=reference&orderway=desctrue&_=1625726754343,246,0,0
1626156164541,409,searchProductByName-58,403,Forbidden,Thread Group 1-1,text,false,,428,568,5,5,http://automationpractice.com/modules/blocklayered/blocklayered-ajax.php?id_category_layered=7&layered_price_slider=26_28&orderby=name&orderway=desctrue&_=1625726707731,409,0,0
1626156170341,215,searchProductByName-58,403,Forbidden,Thread Group 1-2,text,false,,428,568,5,5,http://automationpractice.com/modules/blocklayered/blocklayered-ajax.php?id_category_layered=7&layered_price_slider=26_28&orderby=name&orderway=desctrue&_=1625726707731,215,0,0
1626156176807,194,SelectCategory-69,403,Forbidden,Thread Group 1-3,text,false,,428,608,5,5,http://automationpractice.com/modules/blocklayered/blocklayered-ajax.php?id_category_layered=5&layered_id_attribute_group_13=13_3&layered_price_slider=16_17&orderby=reference&orderway=desctrue&_=1625726754343,194,0,0
1626156185011,194,searchProductByName-58,403,Forbidden,Thread Group 1-3,text,false,,428,568,5,5,http://automationpractice.com/modules/blocklayered/blocklayered-ajax.php?id_category_layered=7&layered_price_slider=26_28&orderby=name&orderway=desctrue&_=1625726707731,194,0,0
1626156186967,206,SelectCategory-69,403,Forbidden,Thread Group 1-4,text,false,,428,608,5,5,http://automationpractice.com/modules/blocklayered/blocklayered-ajax.php?id_category_layered=5&layered_id_attribute_group_13=13_3&layered_price_slider=16_17&orderby=reference&orderway=desctrue&_=1625726754343,206,0,0
1626156198947,204,SelectCategory-69,403,Forbidden,Thread Group 1-5,text,false,,428,608,5,5,http://automationpractice.com/modules/blocklayered/blocklayered-ajax.php?id_category_layered=5&layered_id_attribute_group_13=13_3&layered_price_slider=16_17&orderby=reference&orderway=desctrue&_=1625726754343,204,0,0
1626156199148,208,searchProductByName-58,403,Forbidden,Thread Group 1-4,text,false,,428,568,5,5,http://automationpractice.com/modules/blocklayered/blocklayered-ajax.php?id_category_layered=7&layered_price_slider=26_28&orderby=name&orderway=desctrue&_=1625726707731,208,0,0
1626156199551,200,SearchProductByName-59,403,Forbidden,Thread Group 1-1,text,false,,428,593,5,5,http://automationpractice.com/modules/blocklayered/blocklayered-ajax.php?layered_manufacturer_1=1&id_category_layered=7&layered_price_slider=26_28&orderby=name&orderway=desctrue&_=1625726707732,200,0,0
1626156208380,420,SearchProductByName-59,403,Forbidden,Thread Group 1-2,text,false,,429,593,5,5,http://automationpractice.com/modules/blocklayered/blocklayered-ajax.php?layered_manufacturer_1=1&id_category_layered=7&layered_price_slider=26_28&orderby=name&orderway=desctrue&_=1625726707732,420,0,210
1626156212978,305,searchProductByName-58,403,Forbidden,Thread Group 1-5,text,false,,428,568,5,5,http://automationpractice.com/modules/blocklayered/blocklayered-ajax.php?id_category_layered=7&layered_price_slider=26_28&orderby=name&orderway=desctrue&_=1625726707731,305,0,0
1626156228234,229,SearchProductByName-59,403,Forbidden,Thread Group 1-3,text,false,,428,593,5,5,http://automationpractice.com/modules/blocklayered/blocklayered-ajax.php?layered_manufacturer_1=1&id_category_layered=7&layered_price_slider=26_28&orderby=name&orderway=desctrue&_=1625726707732,229,0,0
1626156242164,242,SearchProductByName-59,403,Forbidden,Thread Group 1-4,text,false,,428,593,5,5,http://automationpractice.com/modules/blocklayered/blocklayered-ajax.php?layered_manufacturer_1=1&id_category_layered=7&layered_price_slider=26_28&orderby=name&orderway=desctrue&_=1625726707732,242,0,0
1626156248540,230,SearchProductByName-59,403,Forbidden,Thread Group 1-5,text,false,,428,593,5,5,http://automationpractice.com/modules/blocklayered/blocklayered-ajax.php?layered_manufacturer_1=1&id_category_layered=7&layered_price_slider=26_28&orderby=name&orderway=desctrue&_=1625726707732,230,0,0
1626156272060,307,SelectCategory-68,403,Forbidden,Thread Group 1-1,text,false,,428,573,5,5,http://automationpractice.com/modules/blocklayered/blocklayered-ajax.php?id_category_layered=5&layered_price_slider=16_17&orderby=reference&orderway=desctrue&_=1625726754342,307,0,0
1626156275148,290,SelectCategory-68,403,Forbidden,Thread Group 1-2,text,false,,428,573,5,5,http://automationpractice.com/modules/blocklayered/blocklayered-ajax.php?id_category_layered=5&layered_price_slider=16_17&orderby=reference&orderway=desctrue&_=1625726754342,290,0,0
1626156277180,307,SearchProductByPrice-61,403,Forbidden,Thread Group 1-1,text,false,,428,594,5,5,http://automationpractice.com/modules/blocklayered/blocklayered-ajax.php?layered_manufacturer_1=1&id_category_layered=7&layered_price_slider=26_28&orderby=price&orderway=desctrue&_=1625726707733,307,0,0
1626156278631,289,SearchProductByPrice-61,403,Forbidden,Thread Group 1-2,text,false,,428,594,5,5,http://automationpractice.com/modules/blocklayered/blocklayered-ajax.php?layered_manufacturer_1=1&id_category_layered=7&layered_price_slider=26_28&orderby=price&orderway=desctrue&_=1625726707733,289,0,0
1626156285372,716,SelectCategory-68,403,Forbidden,Thread Group 1-3,text,false,,429,573,5,5,http://automationpractice.com/modules/blocklayered/blocklayered-ajax.php?id_category_layered=5&layered_price_slider=16_17&orderby=reference&orderway=desctrue&_=1625726754342,716,0,512
1626156290594,204,SearchProductByPrice-61,403,Forbidden,Thread Group 1-3,text,false,,428,594,5,5,http://automationpractice.com/modules/blocklayered/blocklayered-ajax.php?layered_manufacturer_1=1&id_category_layered=7&layered_price_slider=26_28&orderby=price&orderway=desctrue&_=1625726707733,204,0,0
1626156294690,205,SelectCategory-68,403,Forbidden,Thread Group 1-4,text,false,,428,573,5,5,http://automationpractice.com/modules/blocklayered/blocklayered-ajax.php?id_category_layered=5&layered_price_slider=16_17&orderby=reference&orderway=desctrue&_=1625726754342,205,0,0
1626156299488,207,SelectCategory-68,403,Forbidden,Thread Group 1-5,text,false,,428,573,5,5,http://automationpractice.com/modules/blocklayered/blocklayered-ajax.php?id_category_layered=5&layered_price_slider=16_17&orderby=reference&orderway=desctrue&_=1625726754342,207,0,0
1626156299525,489,SearchProductByPrice-61,403,Forbidden,Thread Group 1-4,text,false,,429,594,5,5,http://automationpractice.com/modules/blocklayered/blocklayered-ajax.php?layered_manufacturer_1=1&id_category_layered=7&layered_price_slider=26_28&orderby=price&orderway=desctrue&_=1625726707733,489,0,197
1626156302881,206,SearchProductByPrice-61,403,Forbidden,Thread Group 1-5,text,false,,428,594,5,5,http://automationpractice.com/modules/blocklayered/blocklayered-ajax.php?layered_manufacturer_1=1&id_category_layered=7&layered_price_slider=26_28&orderby=price&orderway=desctrue&_=1625726707733,206,0,0
1626156335445,307,SelectCategory-68,403,Forbidden,Thread Group 1-1,text,false,,428,573,5,5,http://automationpractice.com/modules/blocklayered/blocklayered-ajax.php?id_category_layered=5&layered_price_slider=16_17&orderby=reference&orderway=desctrue&_=1625726754342,307,0,0
1626156336469,201,SelectCategory-68,403,Forbidden,Thread Group 1-2,text,false,,428,573,5,5,http://automationpractice.com/modules/blocklayered/blocklayered-ajax.php?id_category_layered=5&layered_price_slider=16_17&orderby=reference&orderway=desctrue&_=1625726754342,201,0,0
1626156352964,210,SelectCategory-68,403,Forbidden,Thread Group 1-3,text,false,,428,573,5,5,http://automationpractice.com/modules/blocklayered/blocklayered-ajax.php?id_category_layered=5&layered_price_slider=16_17&orderby=reference&orderway=desctrue&_=1625726754342,209,0,0
1626156370057,204,SelectCategory-68,403,Forbidden,Thread Group 1-4,text,false,,428,573,5,5,http://automationpractice.com/modules/blocklayered/blocklayered-ajax.php?id_category_layered=5&layered_price_slider=16_17&orderby=reference&orderway=desctrue&_=1625726754342,204,0,0
1626156373333,204,SelectCategory-68,403,Forbidden,Thread Group 1-5,text,false,,428,573,5,5,http://automationpractice.com/modules/blocklayered/blocklayered-ajax.php?id_category_layered=5&layered_price_slider=16_17&orderby=reference&orderway=desctrue&_=1625726754342,204,0,0
1626156374970,194,SelectCategory-69,403,Forbidden,Thread Group 1-1,text,false,,428,608,5,5,http://automationpractice.com/modules/blocklayered/blocklayered-ajax.php?id_category_layered=5&layered_id_attribute_group_13=13_3&layered_price_slider=16_17&orderby=reference&orderway=desctrue&_=1625726754343,194,0,0
1626156375165,215,SelectCategoryByPrice-76,403,Forbidden,Thread Group 1-1,text,false,,428,569,5,5,http://automationpractice.com/modules/blocklayered/blocklayered-ajax.php?id_category_layered=8&layered_price_slider=16_53&orderby=price&orderway=desctrue&_=1625726822103,215,0,0
1626156376296,200,SelectCategory-69,403,Forbidden,Thread Group 1-2,text,false,,428,608,5,5,http://automationpractice.com/modules/blocklayered/blocklayered-ajax.php?id_category_layered=5&layered_id_attribute_group_13=13_3&layered_price_slider=16_17&orderby=reference&orderway=desctrue&_=1625726754343,200,0,0
1626156376497,215,SelectCategoryByPrice-76,403,Forbidden,Thread Group 1-2,text,false,,428,569,5,5,http://automationpractice.com/modules/blocklayered/blocklayered-ajax.php?id_category_layered=8&layered_price_slider=16_53&orderby=price&orderway=desctrue&_=1625726822103,214,0,0
1626156390776,198,SelectCategory-70,403,Forbidden,Thread Group 1-2,text,false,,428,604,5,5,http://automationpractice.com/modules/blocklayered/blocklayered-ajax.php?id_category_layered=5&layered_id_attribute_group_13=13_3&layered_price_slider=16_17&orderby=price&orderway=desctrue&_=1625726754344,198,0,0
1626156390626,390,SelectCategory-70,403,Forbidden,Thread Group 1-1,text,false,,429,604,5,5,http://automationpractice.com/modules/blocklayered/blocklayered-ajax.php?id_category_layered=5&layered_id_attribute_group_13=13_3&layered_price_slider=16_17&orderby=price&orderway=desctrue&_=1625726754344,390,0,195
1626156396289,290,SelectCategory-69,403,Forbidden,Thread Group 1-3,text,false,,428,608,5,5,http://automationpractice.com/modules/blocklayered/blocklayered-ajax.php?id_category_layered=5&layered_id_attribute_group_13=13_3&layered_price_slider=16_17&orderby=reference&orderway=desctrue&_=1625726754343,289,0,0
1626156396579,208,SelectCategoryByPrice-76,403,Forbidden,Thread Group 1-3,text,false,,428,569,5,5,http://automationpractice.com/modules/blocklayered/blocklayered-ajax.php?id_category_layered=8&layered_price_slider=16_53&orderby=price&orderway=desctrue&_=1625726822103,208,0,0
1626156408476,285,SelectCategory-69,403,Forbidden,Thread Group 1-4,text,false,,428,608,5,5,http://automationpractice.com/modules/blocklayered/blocklayered-ajax.php?id_category_layered=5&layered_id_attribute_group_13=13_3&layered_price_slider=16_17&orderby=reference&orderway=desctrue&_=1625726754343,285,0,0
1626156408353,470,SelectCategory-70,403,Forbidden,Thread Group 1-3,text,false,,429,604,5,5,http://automationpractice.com/modules/blocklayered/blocklayered-ajax.php?id_category_layered=5&layered_id_attribute_group_13=13_3&layered_price_slider=16_17&orderby=price&orderway=desctrue&_=1625726754344,470,0,203
1626156408762,204,SelectCategoryByPrice-76,403,Forbidden,Thread Group 1-4,text,false,,428,569,5,5,http://automationpractice.com/modules/blocklayered/blocklayered-ajax.php?id_category_layered=8&layered_price_slider=16_53&orderby=price&orderway=desctrue&_=1625726822103,204,0,0
1626156411320,207,SelectCategory-69,403,Forbidden,Thread Group 1-5,text,false,,428,608,5,5,http://automationpractice.com/modules/blocklayered/blocklayered-ajax.php?id_category_layered=5&layered_id_attribute_group_13=13_3&layered_price_slider=16_17&orderby=reference&orderway=desctrue&_=1625726754343,207,0,0
1626156411527,205,SelectCategoryByPrice-76,403,Forbidden,Thread Group 1-5,text,false,,428,569,5,5,http://automationpractice.com/modules/blocklayered/blocklayered-ajax.php?id_category_layered=8&layered_price_slider=16_53&orderby=price&orderway=desctrue&_=1625726822103,205,0,0
1626156419569,196,SelectCategory-70,403,Forbidden,Thread Group 1-4,text,false,,428,604,5,5,http://automationpractice.com/modules/blocklayered/blocklayered-ajax.php?id_category_layered=5&layered_id_attribute_group_13=13_3&layered_price_slider=16_17&orderby=price&orderway=desctrue&_=1625726754344,196,0,0
1626156421975,202,SelectCategory-70,403,Forbidden,Thread Group 1-5,text,false,,428,604,5,5,http://automationpractice.com/modules/blocklayered/blocklayered-ajax.php?id_category_layered=5&layered_id_attribute_group_13=13_3&layered_price_slider=16_17&orderby=price&orderway=desctrue&_=1625726754344,202,0,0
1626156442248,199,SelectCategoryByPrice-76,403,Forbidden,Thread Group 1-1,text,false,,428,569,5,5,http://automationpractice.com/modules/blocklayered/blocklayered-ajax.php?id_category_layered=8&layered_price_slider=16_53&orderby=price&orderway=desctrue&_=1625726822103,199,0,0
1626156442248,204,SelectCategoryByPrice-76,403,Forbidden,Thread Group 1-2,text,false,,428,569,5,5,http://automationpractice.com/modules/blocklayered/blocklayered-ajax.php?id_category_layered=8&layered_price_slider=16_53&orderby=price&orderway=desctrue&_=1625726822103,204,0,0
1626156462585,201,SelectCategoryByPrice-76,403,Forbidden,Thread Group 1-3,text,false,,428,569,5,5,http://automationpractice.com/modules/blocklayered/blocklayered-ajax.php?id_category_layered=8&layered_price_slider=16_53&orderby=price&orderway=desctrue&_=1625726822103,201,0,0
1626156473377,207,SelectCategory-70,403,Forbidden,Thread Group 1-1,text,false,,428,604,5,5,http://automationpractice.com/modules/blocklayered/blocklayered-ajax.php?id_category_layered=5&layered_id_attribute_group_13=13_3&layered_price_slider=16_17&orderby=price&orderway=desctrue&_=1625726754344,207,0,0
1626156473570,216,SelectCategory-70,403,Forbidden,Thread Group 1-2,text,false,,428,604,5,5,http://automationpractice.com/modules/blocklayered/blocklayered-ajax.php?id_category_layered=5&layered_id_attribute_group_13=13_3&layered_price_slider=16_17&orderby=price&orderway=desctrue&_=1625726754344,215,0,0
1626156478805,306,SelectCategoryByPrice-76,403,Forbidden,Thread Group 1-4,text,false,,428,569,5,5,http://automationpractice.com/modules/blocklayered/blocklayered-ajax.php?id_category_layered=8&layered_price_slider=16_53&orderby=price&orderway=desctrue&_=1625726822103,306,0,0
1626156482827,206,SelectCategoryByPrice-76,403,Forbidden,Thread Group 1-5,text,false,,428,569,5,5,http://automationpractice.com/modules/blocklayered/blocklayered-ajax.php?id_category_layered=8&layered_price_slider=16_53&orderby=price&orderway=desctrue&_=1625726822103,206,0,0
1626156500002,204,SelectCategory-70,403,Forbidden,Thread Group 1-3,text,false,,428,604,5,5,http://automationpractice.com/modules/blocklayered/blocklayered-ajax.php?id_category_layered=5&layered_id_attribute_group_13=13_3&layered_price_slider=16_17&orderby=price&orderway=desctrue&_=1625726754344,204,0,0
1626156515052,207,SelectCategory-70,403,Forbidden,Thread Group 1-4,text,false,,428,604,5,5,http://automationpractice.com/modules/blocklayered/blocklayered-ajax.php?id_category_layered=5&layered_id_attribute_group_13=13_3&layered_price_slider=16_17&orderby=price&orderway=desctrue&_=1625726754344,207,0,0
1626156515976,196,SelectCategory-70,403,Forbidden,Thread Group 1-5,text,false,,428,604,5,5,http://automationpractice.com/modules/blocklayered/blocklayered-ajax.php?id_category_layered=5&layered_id_attribute_group_13=13_3&layered_price_slider=16_17&orderby=price&orderway=desctrue&_=1625726754344,196,0,0
1626156546609,211,SelectCategory-69,403,Forbidden,Thread Group 1-2,text,false,,428,608,5,5,http://automationpractice.com/modules/blocklayered/blocklayered-ajax.php?id_category_layered=5&layered_id_attribute_group_13=13_3&layered_price_slider=16_17&orderby=reference&orderway=desctrue&_=1625726754343,211,0,0
1626156547155,256,SelectCategory-69,403,Forbidden,Thread Group 1-1,text,false,,428,608,5,5,http://automationpractice.com/modules/blocklayered/blocklayered-ajax.php?id_category_layered=5&layered_id_attribute_group_13=13_3&layered_price_slider=16_17&orderby=reference&orderway=desctrue&_=1625726754343,256,0,0
1626156550245,238,searchProductByName-58,403,Forbidden,Thread Group 1-2,text,false,,428,568,5,5,http://automationpractice.com/modules/blocklayered/blocklayered-ajax.php?id_category_layered=7&layered_price_slider=26_28&orderby=name&orderway=desctrue&_=1625726707731,238,0,0
1626156552122,196,searchProductByName-58,403,Forbidden,Thread Group 1-1,text,false,,428,568,5,5,http://automationpractice.com/modules/blocklayered/blocklayered-ajax.php?id_category_layered=7&layered_price_slider=26_28&orderby=name&orderway=desctrue&_=1625726707731,196,0,0
1626156557219,206,SelectCategory-69,403,Forbidden,Thread Group 1-3,text,false,,428,608,5,5,http://automationpractice.com/modules/blocklayered/blocklayered-ajax.php?id_category_layered=5&layered_id_attribute_group_13=13_3&layered_price_slider=16_17&orderby=reference&orderway=desctrue&_=1625726754343,206,0,0
1626156563488,205,searchProductByName-58,403,Forbidden,Thread Group 1-3,text,false,,428,568,5,5,http://automationpractice.com/modules/blocklayered/blocklayered-ajax.php?id_category_layered=7&layered_price_slider=26_28&orderby=name&orderway=desctrue&_=1625726707731,205,0,0
1626156570256,205,SelectCategory-69,403,Forbidden,Thread Group 1-4,text,false,,428,608,5,5,http://automationpractice.com/modules/blocklayered/blocklayered-ajax.php?id_category_layered=5&layered_id_attribute_group_13=13_3&layered_price_slider=16_17&orderby=reference&orderway=desctrue&_=1625726754343,205,0,0
1626156570446,203,SelectCategory-69,403,Forbidden,Thread Group 1-5,text,false,,428,608,5,5,http://automationpractice.com/modules/blocklayered/blocklayered-ajax.php?id_category_layered=5&layered_id_attribute_group_13=13_3&layered_price_slider=16_17&orderby=reference&orderway=desctrue&_=1625726754343,203,0,0
1626156575987,214,SearchProductByName-59,403,Forbidden,Thread Group 1-2,text,false,,428,593,5,5,http://automationpractice.com/modules/blocklayered/blocklayered-ajax.php?layered_manufacturer_1=1&id_category_layered=7&layered_price_slider=26_28&orderby=name&orderway=desctrue&_=1625726707732,214,0,0
1626156576379,197,SearchProductByName-59,403,Forbidden,Thread Group 1-1,text,false,,428,593,5,5,http://automationpractice.com/modules/blocklayered/blocklayered-ajax.php?layered_manufacturer_1=1&id_category_layered=7&layered_price_slider=26_28&orderby=name&orderway=desctrue&_=1625726707732,197,0,0
1626156576682,202,searchProductByName-58,403,Forbidden,Thread Group 1-4,text,false,,428,568,5,5,http://automationpractice.com/modules/blocklayered/blocklayered-ajax.php?id_category_layered=7&layered_price_slider=26_28&orderby=name&orderway=desctrue&_=1625726707731,202,0,0
1626156576769,202,searchProductByName-58,403,Forbidden,Thread Group 1-5,text,false,,428,568,5,5,http://automationpractice.com/modules/blocklayered/blocklayered-ajax.php?id_category_layered=7&layered_price_slider=26_28&orderby=name&orderway=desctrue&_=1625726707731,202,0,0
1626156589396,206,SearchProductByName-59,403,Forbidden,Thread Group 1-3,text,false,,428,593,5,5,http://automationpractice.com/modules/blocklayered/blocklayered-ajax.php?layered_manufacturer_1=1&id_category_layered=7&layered_price_slider=26_28&orderby=name&orderway=desctrue&_=1625726707732,206,0,0
1626156605883,305,SearchProductByName-59,403,Forbidden,Thread Group 1-4,text,false,,428,593,5,5,http://automationpractice.com/modules/blocklayered/blocklayered-ajax.php?layered_manufacturer_1=1&id_category_layered=7&layered_price_slider=26_28&orderby=name&orderway=desctrue&_=1625726707732,305,0,0
1626156606804,204,SearchProductByName-59,403,Forbidden,Thread Group 1-5,text,false,,428,593,5,5,http://automationpractice.com/modules/blocklayered/blocklayered-ajax.php?layered_manufacturer_1=1&id_category_layered=7&layered_price_slider=26_28&orderby=name&orderway=desctrue&_=1625726707732,204,0,0
1626156637011,198,SelectCategory-68,403,Forbidden,Thread Group 1-2,text,false,,428,573,5,5,http://automationpractice.com/modules/blocklayered/blocklayered-ajax.php?id_category_layered=5&layered_price_slider=16_17&orderby=reference&orderway=desctrue&_=1625726754342,198,0,0
1626156638434,215,SelectCategory-68,403,Forbidden,Thread Group 1-1,text,false,,428,573,5,5,http://automationpractice.com/modules/blocklayered/blocklayered-ajax.php?id_category_layered=5&layered_price_slider=16_17&orderby=reference&orderway=desctrue&_=1625726754342,215,0,0
1626156643555,195,SearchProductByPrice-61,403,Forbidden,Thread Group 1-2,text,false,,428,594,5,5,http://automationpractice.com/modules/blocklayered/blocklayered-ajax.php?layered_manufacturer_1=1&id_category_layered=7&layered_price_slider=26_28&orderby=price&orderway=desctrue&_=1625726707733,195,0,0
1626156644692,203,SearchProductByPrice-61,403,Forbidden,Thread Group 1-1,text,false,,428,594,5,5,http://automationpractice.com/modules/blocklayered/blocklayered-ajax.php?layered_manufacturer_1=1&id_category_layered=7&layered_price_slider=26_28&orderby=price&orderway=desctrue&_=1625726707733,203,0,0
1626156657214,203,SelectCategory-68,403,Forbidden,Thread Group 1-3,text,false,,428,573,5,5,http://automationpractice.com/modules/blocklayered/blocklayered-ajax.php?id_category_layered=5&layered_price_slider=16_17&orderby=reference&orderway=desctrue&_=1625726754342,203,0,0
1626156665168,207,SearchProductByPrice-61,403,Forbidden,Thread Group 1-3,text,false,,428,594,5,5,http://automationpractice.com/modules/blocklayered/blocklayered-ajax.php?layered_manufacturer_1=1&id_category_layered=7&layered_price_slider=26_28&orderby=price&orderway=desctrue&_=1625726707733,207,0,0
1626156677319,220,SelectCategory-68,403,Forbidden,Thread Group 1-4,text,false,,428,573,5,5,http://automationpractice.com/modules/blocklayered/blocklayered-ajax.php?id_category_layered=5&layered_price_slider=16_17&orderby=reference&orderway=desctrue&_=1625726754342,220,0,0
1626156684114,410,SelectCategory-68,403,Forbidden,Thread Group 1-5,text,false,,429,573,5,5,http://automationpractice.com/modules/blocklayered/blocklayered-ajax.php?id_category_layered=5&layered_price_slider=16_17&orderby=reference&orderway=desctrue&_=1625726754342,410,0,205
1626156685830,410,SearchProductByPrice-61,403,Forbidden,Thread Group 1-4,text,false,,429,594,5,5,http://automationpractice.com/modules/blocklayered/blocklayered-ajax.php?layered_manufacturer_1=1&id_category_layered=7&layered_price_slider=26_28&orderby=price&orderway=desctrue&_=1625726707733,410,0,202
1626156690864,215,SearchProductByPrice-61,403,Forbidden,Thread Group 1-5,text,false,,428,594,5,5,http://automationpractice.com/modules/blocklayered/blocklayered-ajax.php?layered_manufacturer_1=1&id_category_layered=7&layered_price_slider=26_28&orderby=price&orderway=desctrue&_=1625726707733,215,0,0
1626156721436,1243,SelectCategory-68,403,Forbidden,Thread Group 1-2,text,false,,429,573,5,5,http://automationpractice.com/modules/blocklayered/blocklayered-ajax.php?id_category_layered=5&layered_price_slider=16_17&orderby=reference&orderway=desctrue&_=1625726754342,1243,0,1043
1626156723026,512,SelectCategory-68,403,Forbidden,Thread Group 1-1,text,false,,429,573,5,5,http://automationpractice.com/modules/blocklayered/blocklayered-ajax.php?id_category_layered=5&layered_price_slider=16_17&orderby=reference&orderway=desctrue&_=1625726754342,512,0,206
1626156742884,203,SelectCategory-68,403,Forbidden,Thread Group 1-3,text,false,,428,573,5,5,http://automationpractice.com/modules/blocklayered/blocklayered-ajax.php?id_category_layered=5&layered_price_slider=16_17&orderby=reference&orderway=desctrue&_=1625726754342,203,0,0
1626156762435,199,SelectCategory-69,403,Forbidden,Thread Group 1-2,text,false,,428,608,5,5,http://automationpractice.com/modules/blocklayered/blocklayered-ajax.php?id_category_layered=5&layered_id_attribute_group_13=13_3&layered_price_slider=16_17&orderby=reference&orderway=desctrue&_=1625726754343,199,0,0
1626156762635,198,SelectCategoryByPrice-76,403,Forbidden,Thread Group 1-2,text,false,,428,569,5,5,http://automationpractice.com/modules/blocklayered/blocklayered-ajax.php?id_category_layered=8&layered_price_slider=16_53&orderby=price&orderway=desctrue&_=1625726822103,198,0,0
1626156764084,206,SelectCategory-69,403,Forbidden,Thread Group 1-1,text,false,,428,608,5,5,http://automationpractice.com/modules/blocklayered/blocklayered-ajax.php?id_category_layered=5&layered_id_attribute_group_13=13_3&layered_price_slider=16_17&orderby=reference&orderway=desctrue&_=1625726754343,206,0,0
1626156764186,208,SelectCategory-68,403,Forbidden,Thread Group 1-4,text,false,,428,573,5,5,http://automationpractice.com/modules/blocklayered/blocklayered-ajax.php?id_category_layered=5&layered_price_slider=16_17&orderby=reference&orderway=desctrue&_=1625726754342,208,0,0
1626156764290,311,SelectCategoryByPrice-76,403,Forbidden,Thread Group 1-1,text,false,,428,569,5,5,http://automationpractice.com/modules/blocklayered/blocklayered-ajax.php?id_category_layered=8&layered_price_slider=16_53&orderby=price&orderway=desctrue&_=1625726822103,311,0,0
1626156764908,238,SelectCategory-68,403,Forbidden,Thread Group 1-5,text,false,,428,573,5,5,http://automationpractice.com/modules/blocklayered/blocklayered-ajax.php?id_category_layered=5&layered_price_slider=16_17&orderby=reference&orderway=desctrue&_=1625726754342,238,0,0
1626156774674,268,SelectCategory-70,403,Forbidden,Thread Group 1-2,text,false,,428,604,5,5,http://automationpractice.com/modules/blocklayered/blocklayered-ajax.php?id_category_layered=5&layered_id_attribute_group_13=13_3&layered_price_slider=16_17&orderby=price&orderway=desctrue&_=1625726754344,268,0,0
1626156776125,207,SelectCategory-70,403,Forbidden,Thread Group 1-1,text,false,,428,604,5,5,http://automationpractice.com/modules/blocklayered/blocklayered-ajax.php?id_category_layered=5&layered_id_attribute_group_13=13_3&layered_price_slider=16_17&orderby=price&orderway=desctrue&_=1625726754344,207,0,0
1626156779505,202,SelectCategory-69,403,Forbidden,Thread Group 1-3,text,false,,428,608,5,5,http://automationpractice.com/modules/blocklayered/blocklayered-ajax.php?id_category_layered=5&layered_id_attribute_group_13=13_3&layered_price_slider=16_17&orderby=reference&orderway=desctrue&_=1625726754343,202,0,0
1626156779708,203,SelectCategoryByPrice-76,403,Forbidden,Thread Group 1-3,text,false,,428,569,5,5,http://automationpractice.com/modules/blocklayered/blocklayered-ajax.php?id_category_layered=8&layered_price_slider=16_53&orderby=price&orderway=desctrue&_=1625726822103,203,0,0
1626156791570,266,SelectCategory-70,403,Forbidden,Thread Group 1-3,text,false,,428,604,5,5,http://automationpractice.com/modules/blocklayered/blocklayered-ajax.php?id_category_layered=5&layered_id_attribute_group_13=13_3&layered_price_slider=16_17&orderby=price&orderway=desctrue&_=1625726754344,266,0,0
1626156797506,203,SelectCategory-69,403,Forbidden,Thread Group 1-4,text,false,,428,608,5,5,http://automationpractice.com/modules/blocklayered/blocklayered-ajax.php?id_category_layered=5&layered_id_attribute_group_13=13_3&layered_price_slider=16_17&orderby=reference&orderway=desctrue&_=1625726754343,203,0,0
1626156797709,274,SelectCategoryByPrice-76,403,Forbidden,Thread Group 1-4,text,false,,428,569,5,5,http://automationpractice.com/modules/blocklayered/blocklayered-ajax.php?id_category_layered=8&layered_price_slider=16_53&orderby=price&orderway=desctrue&_=1625726822103,273,0,0
1626156799127,291,SelectCategory-69,403,Forbidden,Thread Group 1-5,text,false,,428,608,5,5,http://automationpractice.com/modules/blocklayered/blocklayered-ajax.php?id_category_layered=5&layered_id_attribute_group_13=13_3&layered_price_slider=16_17&orderby=reference&orderway=desctrue&_=1625726754343,291,0,0
1626156799418,206,SelectCategoryByPrice-76,403,Forbidden,Thread Group 1-5,text,false,,428,569,5,5,http://automationpractice.com/modules/blocklayered/blocklayered-ajax.php?id_category_layered=8&layered_price_slider=16_53&orderby=price&orderway=desctrue&_=1625726822103,206,0,0
1626156809971,206,SelectCategory-70,403,Forbidden,Thread Group 1-4,text,false,,428,604,5,5,http://automationpractice.com/modules/blocklayered/blocklayered-ajax.php?id_category_layered=5&layered_id_attribute_group_13=13_3&layered_price_slider=16_17&orderby=price&orderway=desctrue&_=1625726754344,206,0,0
1626156810864,225,SelectCategory-70,403,Forbidden,Thread Group 1-5,text,false,,428,604,5,5,http://automationpractice.com/modules/blocklayered/blocklayered-ajax.php?id_category_layered=5&layered_id_attribute_group_13=13_3&layered_price_slider=16_17&orderby=price&orderway=desctrue&_=1625726754344,225,0,0
1626156820843,207,SelectCategoryByPrice-76,403,Forbidden,Thread Group 1-2,text,false,,428,569,5,5,http://automationpractice.com/modules/blocklayered/blocklayered-ajax.php?id_category_layered=8&layered_price_slider=16_53&orderby=price&orderway=desctrue&_=1625726822103,207,0,0
1626156821629,208,SelectCategoryByPrice-76,403,Forbidden,Thread Group 1-1,text,false,,428,569,5,5,http://automationpractice.com/modules/blocklayered/blocklayered-ajax.php?id_category_layered=8&layered_price_slider=16_53&orderby=price&orderway=desctrue&_=1625726822103,208,0,0
1626156833299,208,SelectCategoryByPrice-76,403,Forbidden,Thread Group 1-3,text,false,,428,569,5,5,http://automationpractice.com/modules/blocklayered/blocklayered-ajax.php?id_category_layered=8&layered_price_slider=16_53&orderby=price&orderway=desctrue&_=1625726822103,208,0,0
1626156839967,206,SelectCategory-70,403,Forbidden,Thread Group 1-2,text,false,,428,604,5,5,http://automationpractice.com/modules/blocklayered/blocklayered-ajax.php?id_category_layered=5&layered_id_attribute_group_13=13_3&layered_price_slider=16_17&orderby=price&orderway=desctrue&_=1625726754344,206,0,0
1626156840991,306,SelectCategory-70,403,Forbidden,Thread Group 1-1,text,false,,428,604,5,5,http://automationpractice.com/modules/blocklayered/blocklayered-ajax.php?id_category_layered=5&layered_id_attribute_group_13=13_3&layered_price_slider=16_17&orderby=price&orderway=desctrue&_=1625726754344,306,0,0
1626156847954,306,SelectCategoryByPrice-76,403,Forbidden,Thread Group 1-4,text,false,,428,569,5,5,http://automationpractice.com/modules/blocklayered/blocklayered-ajax.php?id_category_layered=8&layered_price_slider=16_53&orderby=price&orderway=desctrue&_=1625726822103,306,0,0
1626156848767,206,SelectCategoryByPrice-76,403,Forbidden,Thread Group 1-5,text,false,,428,569,5,5,http://automationpractice.com/modules/blocklayered/blocklayered-ajax.php?id_category_layered=8&layered_price_slider=16_53&orderby=price&orderway=desctrue&_=1625726822103,206,0,0
1626156852665,209,SelectCategory-70,403,Forbidden,Thread Group 1-3,text,false,,428,604,5,5,http://automationpractice.com/modules/blocklayered/blocklayered-ajax.php?id_category_layered=5&layered_id_attribute_group_13=13_3&layered_price_slider=16_17&orderby=price&orderway=desctrue&_=1625726754344,209,0,0
1626156871096,409,SelectCategory-70,403,Forbidden,Thread Group 1-4,text,false,,429,604,5,5,http://automationpractice.com/modules/blocklayered/blocklayered-ajax.php?id_category_layered=5&layered_id_attribute_group_13=13_3&layered_price_slider=16_17&orderby=price&orderway=desctrue&_=1625726754344,409,0,204
1626156872120,488,SelectCategory-70,403,Forbidden,Thread Group 1-5,text,false,,429,604,5,5,http://automationpractice.com/modules/blocklayered/blocklayered-ajax.php?id_category_layered=5&layered_id_attribute_group_13=13_3&layered_price_slider=16_17&orderby=price&orderway=desctrue&_=1625726754344,488,0,281
1626156907448,204,SelectCategory-69,403,Forbidden,Thread Group 1-2,text,false,,428,608,5,5,http://automationpractice.com/modules/blocklayered/blocklayered-ajax.php?id_category_layered=5&layered_id_attribute_group_13=13_3&layered_price_slider=16_17&orderby=reference&orderway=desctrue&_=1625726754343,204,0,0
1626156907653,204,SelectCategory-69,403,Forbidden,Thread Group 1-1,text,false,,428,608,5,5,http://automationpractice.com/modules/blocklayered/blocklayered-ajax.php?id_category_layered=5&layered_id_attribute_group_13=13_3&layered_price_slider=16_17&orderby=reference&orderway=desctrue&_=1625726754343,204,0,0
1626156915228,206,searchProductByName-58,403,Forbidden,Thread Group 1-2,text,false,,428,568,5,5,http://automationpractice.com/modules/blocklayered/blocklayered-ajax.php?id_category_layered=7&layered_price_slider=26_28&orderby=name&orderway=desctrue&_=1625726707731,206,0,0
1626156915435,204,searchProductByName-58,403,Forbidden,Thread Group 1-1,text,false,,428,568,5,5,http://automationpractice.com/modules/blocklayered/blocklayered-ajax.php?id_category_layered=7&layered_price_slider=26_28&orderby=name&orderway=desctrue&_=1625726707731,204,0,0
1626156926296,300,SelectCategory-69,403,Forbidden,Thread Group 1-3,text,false,,428,608,5,5,http://automationpractice.com/modules/blocklayered/blocklayered-ajax.php?id_category_layered=5&layered_id_attribute_group_13=13_3&layered_price_slider=16_17&orderby=reference&orderway=desctrue&_=1625726754343,300,0,0
1626156940228,294,searchProductByName-58,403,Forbidden,Thread Group 1-3,text,false,,428,568,5,5,http://automationpractice.com/modules/blocklayered/blocklayered-ajax.php?id_category_layered=7&layered_price_slider=26_28&orderby=name&orderway=desctrue&_=1625726707731,294,0,0
1626156958340,202,SelectCategory-69,403,Forbidden,Thread Group 1-4,text,false,,428,608,5,5,http://automationpractice.com/modules/blocklayered/blocklayered-ajax.php?id_category_layered=5&layered_id_attribute_group_13=13_3&layered_price_slider=16_17&orderby=reference&orderway=desctrue&_=1625726754343,202,0,0
1626156962405,236,SelectCategory-69,403,Forbidden,Thread Group 1-5,text,false,,428,608,5,5,http://automationpractice.com/modules/blocklayered/blocklayered-ajax.php?id_category_layered=5&layered_id_attribute_group_13=13_3&layered_price_slider=16_17&orderby=reference&orderway=desctrue&_=1625726754343,236,0,0
1626156964678,194,SearchProductByName-59,403,Forbidden,Thread Group 1-2,text,false,,428,593,5,5,http://automationpractice.com/modules/blocklayered/blocklayered-ajax.php?layered_manufacturer_1=1&id_category_layered=7&layered_price_slider=26_28&orderby=name&orderway=desctrue&_=1625726707732,194,0,0
1626156964685,202,SearchProductByName-59,403,Forbidden,Thread Group 1-1,text,false,,428,593,5,5,http://automationpractice.com/modules/blocklayered/blocklayered-ajax.php?layered_manufacturer_1=1&id_category_layered=7&layered_price_slider=26_28&orderby=name&orderway=desctrue&_=1625726707732,202,0,0
1626156969668,243,searchProductByName-58,403,Forbidden,Thread Group 1-4,text,false,,428,568,5,5,http://automationpractice.com/modules/blocklayered/blocklayered-ajax.php?id_category_layered=7&layered_price_slider=26_28&orderby=name&orderway=desctrue&_=1625726707731,243,0,0
1626156972187,214,searchProductByName-58,403,Forbidden,Thread Group 1-5,text,false,,428,568,5,5,http://automationpractice.com/modules/blocklayered/blocklayered-ajax.php?id_category_layered=7&layered_price_slider=26_28&orderby=name&orderway=desctrue&_=1625726707731,214,0,0
1626156983941,204,SearchProductByName-59,403,Forbidden,Thread Group 1-3,text,false,,428,593,5,5,http://automationpractice.com/modules/blocklayered/blocklayered-ajax.php?layered_manufacturer_1=1&id_category_layered=7&layered_price_slider=26_28&orderby=name&orderway=desctrue&_=1625726707732,204,0,0
1626157007727,201,SearchProductByName-59,403,Forbidden,Thread Group 1-4,text,false,,428,593,5,5,http://automationpractice.com/modules/blocklayered/blocklayered-ajax.php?layered_manufacturer_1=1&id_category_layered=7&layered_price_slider=26_28&orderby=name&orderway=desctrue&_=1625726707732,200,0,0
1626157009431,211,SearchProductByName-59,403,Forbidden,Thread Group 1-5,text,false,,428,593,5,5,http://automationpractice.com/modules/blocklayered/blocklayered-ajax.php?layered_manufacturer_1=1&id_category_layered=7&layered_price_slider=26_28&orderby=name&orderway=desctrue&_=1625726707732,211,0,0
1626157028893,207,SelectCategory-68,403,Forbidden,Thread Group 1-2,text,false,,428,573,5,5,http://automationpractice.com/modules/blocklayered/blocklayered-ajax.php?id_category_layered=5&layered_price_slider=16_17&orderby=reference&orderway=desctrue&_=1625726754342,207,0,0
1626157029596,218,SelectCategory-68,403,Forbidden,Thread Group 1-1,text,false,,428,573,5,5,http://automationpractice.com/modules/blocklayered/blocklayered-ajax.php?id_category_layered=5&layered_price_slider=16_17&orderby=reference&orderway=desctrue&_=1625726754342,218,0,0
1626157034357,208,SearchProductByPrice-61,403,Forbidden,Thread Group 1-2,text,false,,428,594,5,5,http://automationpractice.com/modules/blocklayered/blocklayered-ajax.php?layered_manufacturer_1=1&id_category_layered=7&layered_price_slider=26_28&orderby=price&orderway=desctrue&_=1625726707733,208,0,0
1626157036164,196,SearchProductByPrice-61,403,Forbidden,Thread Group 1-1,text,false,,428,594,5,5,http://automationpractice.com/modules/blocklayered/blocklayered-ajax.php?layered_manufacturer_1=1&id_category_layered=7&layered_price_slider=26_28&orderby=price&orderway=desctrue&_=1625726707733,196,0,0
1626157047633,204,SelectCategory-68,403,Forbidden,Thread Group 1-3,text,false,,428,573,5,5,http://automationpractice.com/modules/blocklayered/blocklayered-ajax.php?id_category_layered=5&layered_price_slider=16_17&orderby=reference&orderway=desctrue&_=1625726754342,204,0,0
1626157052548,204,SearchProductByPrice-61,403,Forbidden,Thread Group 1-3,text,false,,428,594,5,5,http://automationpractice.com/modules/blocklayered/blocklayered-ajax.php?layered_manufacturer_1=1&id_category_layered=7&layered_price_slider=26_28&orderby=price&orderway=desctrue&_=1625726707733,204,0,0
1626157064119,512,SelectCategory-68,403,Forbidden,Thread Group 1-4,text,false,,429,573,5,5,http://automationpractice.com/modules/blocklayered/blocklayered-ajax.php?id_category_layered=5&layered_price_slider=16_17&orderby=reference&orderway=desctrue&_=1625726754342,512,0,238
1626157065348,204,SelectCategory-68,403,Forbidden,Thread Group 1-5,text,false,,428,573,5,5,http://automationpractice.com/modules/blocklayered/blocklayered-ajax.php?id_category_layered=5&layered_price_slider=16_17&orderby=reference&orderway=desctrue&_=1625726754342,204,0,0
1626157067154,194,SearchProductByPrice-61,403,Forbidden,Thread Group 1-4,text,false,,428,594,5,5,http://automationpractice.com/modules/blocklayered/blocklayered-ajax.php?layered_manufacturer_1=1&id_category_layered=7&layered_price_slider=26_28&orderby=price&orderway=desctrue&_=1625726707733,193,0,0
1626157069526,402,SearchProductByPrice-61,403,Forbidden,Thread Group 1-5,text,false,,429,594,5,5,http://automationpractice.com/modules/blocklayered/blocklayered-ajax.php?layered_manufacturer_1=1&id_category_layered=7&layered_price_slider=26_28&orderby=price&orderway=desctrue&_=1625726707733,402,0,199
1626157099922,194,SelectCategory-68,403,Forbidden,Thread Group 1-2,text,false,,428,573,5,5,http://automationpractice.com/modules/blocklayered/blocklayered-ajax.php?id_category_layered=5&layered_price_slider=16_17&orderby=reference&orderway=desctrue&_=1625726754342,194,0,0
1626157100368,205,SelectCategory-68,403,Forbidden,Thread Group 1-1,text,false,,428,573,5,5,http://automationpractice.com/modules/blocklayered/blocklayered-ajax.php?id_category_layered=5&layered_price_slider=16_17&orderby=reference&orderway=desctrue&_=1625726754342,205,0,0
1626157110711,205,SelectCategory-68,403,Forbidden,Thread Group 1-3,text,false,,428,573,5,5,http://automationpractice.com/modules/blocklayered/blocklayered-ajax.php?id_category_layered=5&layered_price_slider=16_17&orderby=reference&orderway=desctrue&_=1625726754342,205,0,0
1626157123913,211,SelectCategory-68,403,Forbidden,Thread Group 1-4,text,false,,428,573,5,5,http://automationpractice.com/modules/blocklayered/blocklayered-ajax.php?id_category_layered=5&layered_price_slider=16_17&orderby=reference&orderway=desctrue&_=1625726754342,211,0,0
1626157126685,204,SelectCategory-68,403,Forbidden,Thread Group 1-5,text,false,,428,573,5,5,http://automationpractice.com/modules/blocklayered/blocklayered-ajax.php?id_category_layered=5&layered_price_slider=16_17&orderby=reference&orderway=desctrue&_=1625726754342,204,0,0
1626157129557,195,SelectCategory-69,403,Forbidden,Thread Group 1-2,text,false,,428,608,5,5,http://automationpractice.com/modules/blocklayered/blocklayered-ajax.php?id_category_layered=5&layered_id_attribute_group_13=13_3&layered_price_slider=16_17&orderby=reference&orderway=desctrue&_=1625726754343,195,0,0
1626157129753,195,SelectCategoryByPrice-76,403,Forbidden,Thread Group 1-2,text,false,,428,569,5,5,http://automationpractice.com/modules/blocklayered/blocklayered-ajax.php?id_category_layered=8&layered_price_slider=16_53&orderby=price&orderway=desctrue&_=1625726822103,195,0,0
1626157130390,288,SelectCategory-69,403,Forbidden,Thread Group 1-1,text,false,,428,608,5,5,http://automationpractice.com/modules/blocklayered/blocklayered-ajax.php?id_category_layered=5&layered_id_attribute_group_13=13_3&layered_price_slider=16_17&orderby=reference&orderway=desctrue&_=1625726754343,288,0,0
1626157130679,206,SelectCategoryByPrice-76,403,Forbidden,Thread Group 1-1,text,false,,428,569,5,5,http://automationpractice.com/modules/blocklayered/blocklayered-ajax.php?id_category_layered=8&layered_price_slider=16_53&orderby=price&orderway=desctrue&_=1625726822103,206,0,0
1626157139127,255,SelectCategory-69,403,Forbidden,Thread Group 1-3,text,false,,428,608,5,5,http://automationpractice.com/modules/blocklayered/blocklayered-ajax.php?id_category_layered=5&layered_id_attribute_group_13=13_3&layered_price_slider=16_17&orderby=reference&orderway=desctrue&_=1625726754343,255,0,0
1626157139383,280,SelectCategoryByPrice-76,403,Forbidden,Thread Group 1-3,text,false,,428,569,5,5,http://automationpractice.com/modules/blocklayered/blocklayered-ajax.php?id_category_layered=8&layered_price_slider=16_53&orderby=price&orderway=desctrue&_=1625726822103,280,0,0
1626157139717,280,SelectCategory-70,403,Forbidden,Thread Group 1-2,text,false,,428,604,5,5,http://automationpractice.com/modules/blocklayered/blocklayered-ajax.php?id_category_layered=5&layered_id_attribute_group_13=13_3&layered_price_slider=16_17&orderby=price&orderway=desctrue&_=1625726754344,280,0,0
1626157141495,242,SelectCategory-70,403,Forbidden,Thread Group 1-1,text,false,,428,604,5,5,http://automationpractice.com/modules/blocklayered/blocklayered-ajax.php?id_category_layered=5&layered_id_attribute_group_13=13_3&layered_price_slider=16_17&orderby=price&orderway=desctrue&_=1625726754344,242,0,0
1626157148499,207,SelectCategory-70,403,Forbidden,Thread Group 1-3,text,false,,428,604,5,5,http://automationpractice.com/modules/blocklayered/blocklayered-ajax.php?id_category_layered=5&layered_id_attribute_group_13=13_3&layered_price_slider=16_17&orderby=price&orderway=desctrue&_=1625726754344,207,0,0
1626157150940,219,SelectCategory-69,403,Forbidden,Thread Group 1-4,text,false,,428,608,5,5,http://automationpractice.com/modules/blocklayered/blocklayered-ajax.php?id_category_layered=5&layered_id_attribute_group_13=13_3&layered_price_slider=16_17&orderby=reference&orderway=desctrue&_=1625726754343,218,0,0
1626157151159,204,SelectCategoryByPrice-76,403,Forbidden,Thread Group 1-4,text,false,,428,569,5,5,http://automationpractice.com/modules/blocklayered/blocklayered-ajax.php?id_category_layered=8&layered_price_slider=16_53&orderby=price&orderway=desctrue&_=1625726822103,204,0,0
1626157155073,285,SelectCategory-69,403,Forbidden,Thread Group 1-5,text,false,,428,608,5,5,http://automationpractice.com/modules/blocklayered/blocklayered-ajax.php?id_category_layered=5&layered_id_attribute_group_13=13_3&layered_price_slider=16_17&orderby=reference&orderway=desctrue&_=1625726754343,285,0,0
1626157155358,205,SelectCategoryByPrice-76,403,Forbidden,Thread Group 1-5,text,false,,428,569,5,5,http://automationpractice.com/modules/blocklayered/blocklayered-ajax.php?id_category_layered=8&layered_price_slider=16_53&orderby=price&orderway=desctrue&_=1625726822103,204,0,0
1626157161795,199,SelectCategory-70,403,Forbidden,Thread Group 1-4,text,false,,428,604,5,5,http://automationpractice.com/modules/blocklayered/blocklayered-ajax.php?id_category_layered=5&layered_id_attribute_group_13=13_3&layered_price_slider=16_17&orderby=price&orderway=desctrue&_=1625726754344,199,0,0
1626157167196,245,SelectCategory-70,403,Forbidden,Thread Group 1-5,text,false,,428,604,5,5,http://automationpractice.com/modules/blocklayered/blocklayered-ajax.php?id_category_layered=5&layered_id_attribute_group_13=13_3&layered_price_slider=16_17&orderby=price&orderway=desctrue&_=1625726754344,245,0,0
1626157179142,279,SelectCategoryByPrice-76,403,Forbidden,Thread Group 1-2,text,false,,428,569,5,5,http://automationpractice.com/modules/blocklayered/blocklayered-ajax.php?id_category_layered=8&layered_price_slider=16_53&orderby=price&orderway=desctrue&_=1625726822103,279,0,0
1626157180158,201,SelectCategoryByPrice-76,403,Forbidden,Thread Group 1-1,text,false,,428,569,5,5,http://automationpractice.com/modules/blocklayered/blocklayered-ajax.php?id_category_layered=8&layered_price_slider=16_53&orderby=price&orderway=desctrue&_=1625726822103,201,0,0
1626157188109,205,SelectCategoryByPrice-76,403,Forbidden,Thread Group 1-3,text,false,,428,569,5,5,http://automationpractice.com/modules/blocklayered/blocklayered-ajax.php?id_category_layered=8&layered_price_slider=16_53&orderby=price&orderway=desctrue&_=1625726822103,205,0,0
1626157205431,204,SelectCategory-70,403,Forbidden,Thread Group 1-2,text,false,,428,604,5,5,http://automationpractice.com/modules/blocklayered/blocklayered-ajax.php?id_category_layered=5&layered_id_attribute_group_13=13_3&layered_price_slider=16_17&orderby=price&orderway=desctrue&_=1625726754344,204,0,0
1626157206234,195,SelectCategoryByPrice-76,403,Forbidden,Thread Group 1-4,text,false,,428,569,5,5,http://automationpractice.com/modules/blocklayered/blocklayered-ajax.php?id_category_layered=8&layered_price_slider=16_53&orderby=price&orderway=desctrue&_=1625726822103,195,0,0
1626157206865,409,SelectCategory-70,403,Forbidden,Thread Group 1-1,text,false,,429,604,5,5,http://automationpractice.com/modules/blocklayered/blocklayered-ajax.php?id_category_layered=5&layered_id_attribute_group_13=13_3&layered_price_slider=16_17&orderby=price&orderway=desctrue&_=1625726754344,409,0,193
1626157211773,197,SelectCategoryByPrice-76,403,Forbidden,Thread Group 1-5,text,false,,428,569,5,5,http://automationpractice.com/modules/blocklayered/blocklayered-ajax.php?id_category_layered=8&layered_price_slider=16_53&orderby=price&orderway=desctrue&_=1625726822103,197,0,0
1626157216286,208,SelectCategory-70,403,Forbidden,Thread Group 1-3,text,false,,428,604,5,5,http://automationpractice.com/modules/blocklayered/blocklayered-ajax.php?id_category_layered=5&layered_id_attribute_group_13=13_3&layered_price_slider=16_17&orderby=price&orderway=desctrue&_=1625726754344,208,0,0
1626157232962,218,SelectCategory-70,403,Forbidden,Thread Group 1-4,text,false,,428,604,5,5,http://automationpractice.com/modules/blocklayered/blocklayered-ajax.php?id_category_layered=5&layered_id_attribute_group_13=13_3&layered_price_slider=16_17&orderby=price&orderway=desctrue&_=1625726754344,218,0,0
1626157237611,200,SelectCategory-70,403,Forbidden,Thread Group 1-5,text,false,,428,604,5,5,http://automationpractice.com/modules/blocklayered/blocklayered-ajax.php?id_category_layered=5&layered_id_attribute_group_13=13_3&layered_price_slider=16_17&orderby=price&orderway=desctrue&_=1625726754344,200,0,0
1626157273076,198,SelectCategory-69,403,Forbidden,Thread Group 1-2,text,false,,428,608,5,5,http://automationpractice.com/modules/blocklayered/blocklayered-ajax.php?id_category_layered=5&layered_id_attribute_group_13=13_3&layered_price_slider=16_17&orderby=reference&orderway=desctrue&_=1625726754343,198,0,0
1626157276379,201,SelectCategory-69,403,Forbidden,Thread Group 1-1,text,false,,428,608,5,5,http://automationpractice.com/modules/blocklayered/blocklayered-ajax.php?id_category_layered=5&layered_id_attribute_group_13=13_3&layered_price_slider=16_17&orderby=reference&orderway=desctrue&_=1625726754343,201,0,0
1626157282429,211,searchProductByName-58,403,Forbidden,Thread Group 1-2,text,false,,428,568,5,5,http://automationpractice.com/modules/blocklayered/blocklayered-ajax.php?id_category_layered=7&layered_price_slider=26_28&orderby=name&orderway=desctrue&_=1625726707731,211,0,0
1626157286817,203,searchProductByName-58,403,Forbidden,Thread Group 1-1,text,false,,428,568,5,5,http://automationpractice.com/modules/blocklayered/blocklayered-ajax.php?id_category_layered=7&layered_price_slider=26_28&orderby=name&orderway=desctrue&_=1625726707731,203,0,0
1626157290990,209,SelectCategory-69,403,Forbidden,Thread Group 1-3,text,false,,428,608,5,5,http://automationpractice.com/modules/blocklayered/blocklayered-ajax.php?id_category_layered=5&layered_id_attribute_group_13=13_3&layered_price_slider=16_17&orderby=reference&orderway=desctrue&_=1625726754343,209,0,0
1626157298579,342,searchProductByName-58,403,Forbidden,Thread Group 1-3,text,false,,428,568,5,5,http://automationpractice.com/modules/blocklayered/blocklayered-ajax.php?id_category_layered=7&layered_price_slider=26_28&orderby=name&orderway=desctrue&_=1625726707731,342,0,0
1626157305680,307,SelectCategory-69,403,Forbidden,Thread Group 1-4,text,false,,428,608,5,5,http://automationpractice.com/modules/blocklayered/blocklayered-ajax.php?id_category_layered=5&layered_id_attribute_group_13=13_3&layered_price_slider=16_17&orderby=reference&orderway=desctrue&_=1625726754343,306,0,0
1626157308623,231,SelectCategory-69,403,Forbidden,Thread Group 1-5,text,false,,428,608,5,5,http://automationpractice.com/modules/blocklayered/blocklayered-ajax.php?id_category_layered=5&layered_id_attribute_group_13=13_3&layered_price_slider=16_17&orderby=reference&orderway=desctrue&_=1625726754343,231,0,0
1626157312963,215,searchProductByName-58,403,Forbidden,Thread Group 1-4,text,false,,428,568,5,5,http://automationpractice.com/modules/blocklayered/blocklayered-ajax.php?id_category_layered=7&layered_price_slider=26_28&orderby=name&orderway=desctrue&_=1625726707731,215,0,0
1626157313156,198,SearchProductByName-59,403,Forbidden,Thread Group 1-2,text,false,,428,593,5,5,http://automationpractice.com/modules/blocklayered/blocklayered-ajax.php?layered_manufacturer_1=1&id_category_layered=7&layered_price_slider=26_28&orderby=name&orderway=desctrue&_=1625726707732,197,0,0
1626157314793,201,searchProductByName-58,403,Forbidden,Thread Group 1-5,text,false,,428,568,5,5,http://automationpractice.com/modules/blocklayered/blocklayered-ajax.php?id_category_layered=7&layered_price_slider=26_28&orderby=name&orderway=desctrue&_=1625726707731,201,0,0
1626157314995,205,SearchProductByName-59,403,Forbidden,Thread Group 1-1,text,false,,428,593,5,5,http://automationpractice.com/modules/blocklayered/blocklayered-ajax.php?layered_manufacturer_1=1&id_category_layered=7&layered_price_slider=26_28&orderby=name&orderway=desctrue&_=1625726707732,205,0,0
1626157323744,207,SearchProductByName-59,403,Forbidden,Thread Group 1-3,text,false,,428,593,5,5,http://automationpractice.com/modules/blocklayered/blocklayered-ajax.php?layered_manufacturer_1=1&id_category_layered=7&layered_price_slider=26_28&orderby=name&orderway=desctrue&_=1625726707732,207,0,0
1626157339429,234,SearchProductByName-59,403,Forbidden,Thread Group 1-4,text,false,,428,593,5,5,http://automationpractice.com/modules/blocklayered/blocklayered-ajax.php?layered_manufacturer_1=1&id_category_layered=7&layered_price_slider=26_28&orderby=name&orderway=desctrue&_=1625726707732,234,0,0
1626157341403,194,SearchProductByName-59,403,Forbidden,Thread Group 1-5,text,false,,428,593,5,5,http://automationpractice.com/modules/blocklayered/blocklayered-ajax.php?layered_manufacturer_1=1&id_category_layered=7&layered_price_slider=26_28&orderby=name&orderway=desctrue&_=1625726707732,194,0,0
1626157371420,205,SelectCategory-68,403,Forbidden,Thread Group 1-2,text,false,,428,573,5,5,http://automationpractice.com/modules/blocklayered/blocklayered-ajax.php?id_category_layered=5&layered_price_slider=16_17&orderby=reference&orderway=desctrue&_=1625726754342,205,0,0
1626157375721,195,SelectCategory-68,403,Forbidden,Thread Group 1-1,text,false,,428,573,5,5,http://automationpractice.com/modules/blocklayered/blocklayered-ajax.php?id_category_layered=5&layered_price_slider=16_17&orderby=reference&orderway=desctrue&_=1625726754342,195,0,0
1626157377144,199,SearchProductByPrice-61,403,Forbidden,Thread Group 1-2,text,false,,428,594,5,5,http://automationpractice.com/modules/blocklayered/blocklayered-ajax.php?layered_manufacturer_1=1&id_category_layered=7&layered_price_slider=26_28&orderby=price&orderway=desctrue&_=1625726707733,199,0,0
1626157380536,196,SearchProductByPrice-61,403,Forbidden,Thread Group 1-1,text,false,,428,594,5,5,http://automationpractice.com/modules/blocklayered/blocklayered-ajax.php?layered_manufacturer_1=1&id_category_layered=7&layered_price_slider=26_28&orderby=price&orderway=desctrue&_=1625726707733,196,0,0
1626157391031,193,SelectCategory-68,403,Forbidden,Thread Group 1-3,text,false,,428,573,5,5,http://automationpractice.com/modules/blocklayered/blocklayered-ajax.php?id_category_layered=5&layered_price_slider=16_17&orderby=reference&orderway=desctrue&_=1625726754342,193,0,0
1626157397623,422,SearchProductByPrice-61,403,Forbidden,Thread Group 1-3,text,false,,429,594,5,5,http://automationpractice.com/modules/blocklayered/blocklayered-ajax.php?layered_manufacturer_1=1&id_category_layered=7&layered_price_slider=26_28&orderby=price&orderway=desctrue&_=1625726707733,422,0,200
1626157405930,306,SelectCategory-68,508,Loop Detected,Thread Group 1-4,text,false,,492,573,5,5,http://automationpractice.com/modules/blocklayered/blocklayered-ajax.php?id_category_layered=5&layered_price_slider=16_17&orderby=reference&orderway=desctrue&_=1625726754342,306,0,0
1626157406236,204,clickOnCategory-42,508,Loop Detected,Thread Group 1-4,text,false,,492,548,5,5,http://automationpractice.com/index.php?id_category=3&controller=category,204,0,0
1626157406440,205,SearchProductByPrice-61,508,Loop Detected,Thread Group 1-4,text,false,,492,594,5,5,http://automationpractice.com/modules/blocklayered/blocklayered-ajax.php?layered_manufacturer_1=1&id_category_layered=7&layered_price_slider=26_28&orderby=price&orderway=desctrue&_=1625726707733,205,0,0
1626157406645,204,clickOnOrderLink-73,508,Loop Detected,Thread Group 1-4,text,false,,492,535,5,5,http://automationpractice.com/index.php?controller=order-slip,204,0,0
1626157407238,202,SelectCategory-68,508,Loop Detected,Thread Group 1-5,text,false,,492,573,5,5,http://automationpractice.com/modules/blocklayered/blocklayered-ajax.php?id_category_layered=5&layered_price_slider=16_17&orderby=reference&orderway=desctrue&_=1625726754342,202,0,0
1626157415570,292,SearchProductByPrice-61,403,Forbidden,Thread Group 1-5,text,false,,392,594,5,5,http://automationpractice.com/modules/blocklayered/blocklayered-ajax.php?layered_manufacturer_1=1&id_category_layered=7&layered_price_slider=26_28&orderby=price&orderway=desctrue&_=1625726707733,292,0,0
1626157446363,218,SelectCategory-68,403,Forbidden,Thread Group 1-2,text,false,,428,573,5,5,http://automationpractice.com/modules/blocklayered/blocklayered-ajax.php?id_category_layered=5&layered_price_slider=16_17&orderby=reference&orderway=desctrue&_=1625726754342,218,0,0
1626157449410,196,SelectCategory-68,403,Forbidden,Thread Group 1-1,text,false,,428,573,5,5,http://automationpractice.com/modules/blocklayered/blocklayered-ajax.php?id_category_layered=5&layered_price_slider=16_17&orderby=reference&orderway=desctrue&_=1625726754342,196,0,0
1626157469439,224,SelectCategory-68,403,Forbidden,Thread Group 1-3,text,false,,428,573,5,5,http://automationpractice.com/modules/blocklayered/blocklayered-ajax.php?id_category_layered=5&layered_price_slider=16_17&orderby=reference&orderway=desctrue&_=1625726754342,224,0,0
1626157474125,206,SelectCategory-68,403,Forbidden,Thread Group 1-4,text,false,,428,573,5,5,http://automationpractice.com/modules/blocklayered/blocklayered-ajax.php?id_category_layered=5&layered_price_slider=16_17&orderby=reference&orderway=desctrue&_=1625726754342,206,0,0
1626157480271,204,SelectCategory-68,403,Forbidden,Thread Group 1-5,text,false,,428,573,5,5,http://automationpractice.com/modules/blocklayered/blocklayered-ajax.php?id_category_layered=5&layered_price_slider=16_17&orderby=reference&orderway=desctrue&_=1625726754342,204,0,0
1626157482159,211,SelectCategory-69,403,Forbidden,Thread Group 1-2,text,false,,428,608,5,5,http://automationpractice.com/modules/blocklayered/blocklayered-ajax.php?id_category_layered=5&layered_id_attribute_group_13=13_3&layered_price_slider=16_17&orderby=reference&orderway=desctrue&_=1625726754343,211,0,0
1626157482370,211,SelectCategoryByPrice-76,403,Forbidden,Thread Group 1-2,text,false,,428,569,5,5,http://automationpractice.com/modules/blocklayered/blocklayered-ajax.php?id_category_layered=8&layered_price_slider=16_53&orderby=price&orderway=desctrue&_=1625726822103,211,0,0
1626157486343,201,SelectCategory-69,403,Forbidden,Thread Group 1-1,text,false,,428,608,5,5,http://automationpractice.com/modules/blocklayered/blocklayered-ajax.php?id_category_layered=5&layered_id_attribute_group_13=13_3&layered_price_slider=16_17&orderby=reference&orderway=desctrue&_=1625726754343,201,0,0
1626157486545,280,SelectCategoryByPrice-76,403,Forbidden,Thread Group 1-1,text,false,,428,569,5,5,http://automationpractice.com/modules/blocklayered/blocklayered-ajax.php?id_category_layered=8&layered_price_slider=16_53&orderby=price&orderway=desctrue&_=1625726822103,280,0,0
1626157492914,211,SelectCategory-70,403,Forbidden,Thread Group 1-2,text,false,,428,604,5,5,http://automationpractice.com/modules/blocklayered/blocklayered-ajax.php?id_category_layered=5&layered_id_attribute_group_13=13_3&layered_price_slider=16_17&orderby=price&orderway=desctrue&_=1625726754344,211,0,0
1626157497942,203,SelectCategory-70,403,Forbidden,Thread Group 1-1,text,false,,428,604,5,5,http://automationpractice.com/modules/blocklayered/blocklayered-ajax.php?id_category_layered=5&layered_id_attribute_group_13=13_3&layered_price_slider=16_17&orderby=price&orderway=desctrue&_=1625726754344,202,0,0
1626157501509,196,SelectCategory-69,403,Forbidden,Thread Group 1-3,text,false,,428,608,5,5,http://automationpractice.com/modules/blocklayered/blocklayered-ajax.php?id_category_layered=5&layered_id_attribute_group_13=13_3&layered_price_slider=16_17&orderby=reference&orderway=desctrue&_=1625726754343,196,0,0
1626157501706,196,SelectCategoryByPrice-76,403,Forbidden,Thread Group 1-3,text,false,,428,569,5,5,http://automationpractice.com/modules/blocklayered/blocklayered-ajax.php?id_category_layered=8&layered_price_slider=16_53&orderby=price&orderway=desctrue&_=1625726822103,196,0,0
1626157505060,197,SelectCategory-69,403,Forbidden,Thread Group 1-4,text,false,,428,608,5,5,http://automationpractice.com/modules/blocklayered/blocklayered-ajax.php?id_category_layered=5&layered_id_attribute_group_13=13_3&layered_price_slider=16_17&orderby=reference&orderway=desctrue&_=1625726754343,197,0,0
1626157505257,199,SelectCategoryByPrice-76,403,Forbidden,Thread Group 1-4,text,false,,428,569,5,5,http://automationpractice.com/modules/blocklayered/blocklayered-ajax.php?id_category_layered=8&layered_price_slider=16_53&orderby=price&orderway=desctrue&_=1625726822103,199,0,0
1626157509685,204,SelectCategory-69,403,Forbidden,Thread Group 1-5,text,false,,428,608,5,5,http://automationpractice.com/modules/blocklayered/blocklayered-ajax.php?id_category_layered=5&layered_id_attribute_group_13=13_3&layered_price_slider=16_17&orderby=reference&orderway=desctrue&_=1625726754343,204,0,0
1626157509890,282,SelectCategoryByPrice-76,403,Forbidden,Thread Group 1-5,text,false,,428,569,5,5,http://automationpractice.com/modules/blocklayered/blocklayered-ajax.php?id_category_layered=8&layered_price_slider=16_53&orderby=price&orderway=desctrue&_=1625726822103,282,0,0
1626157511605,205,SelectCategory-70,403,Forbidden,Thread Group 1-3,text,false,,428,604,5,5,http://automationpractice.com/modules/blocklayered/blocklayered-ajax.php?id_category_layered=5&layered_id_attribute_group_13=13_3&layered_price_slider=16_17&orderby=price&orderway=desctrue&_=1625726754344,205,0,0
1626157519663,237,SelectCategory-70,403,Forbidden,Thread Group 1-4,text,false,,428,604,5,5,http://automationpractice.com/modules/blocklayered/blocklayered-ajax.php?id_category_layered=5&layered_id_attribute_group_13=13_3&layered_price_slider=16_17&orderby=price&orderway=desctrue&_=1625726754344,237,0,0
1626157527887,205,SelectCategory-70,403,Forbidden,Thread Group 1-5,text,false,,428,604,5,5,http://automationpractice.com/modules/blocklayered/blocklayered-ajax.php?id_category_layered=5&layered_id_attribute_group_13=13_3&layered_price_slider=16_17&orderby=price&orderway=desctrue&_=1625726754344,205,0,0
1626157551572,202,SelectCategoryByPrice-76,403,Forbidden,Thread Group 1-2,text,false,,428,569,5,5,http://automationpractice.com/modules/blocklayered/blocklayered-ajax.php?id_category_layered=8&layered_price_slider=16_53&orderby=price&orderway=desctrue&_=1625726822103,202,0,0
1626157555832,193,SelectCategoryByPrice-76,403,Forbidden,Thread Group 1-1,text,false,,428,569,5,5,http://automationpractice.com/modules/blocklayered/blocklayered-ajax.php?id_category_layered=8&layered_price_slider=16_53&orderby=price&orderway=desctrue&_=1625726822103,193,0,0
1626157572572,193,SelectCategoryByPrice-76,403,Forbidden,Thread Group 1-3,text,false,,428,569,5,5,http://automationpractice.com/modules/blocklayered/blocklayered-ajax.php?id_category_layered=8&layered_price_slider=16_53&orderby=price&orderway=desctrue&_=1625726822103,193,0,0
1626157579394,269,SelectCategory-70,403,Forbidden,Thread Group 1-2,text,false,,428,604,5,5,http://automationpractice.com/modules/blocklayered/blocklayered-ajax.php?id_category_layered=5&layered_id_attribute_group_13=13_3&layered_price_slider=16_17&orderby=price&orderway=desctrue&_=1625726754344,269,0,0
1626157583514,284,SelectCategoryByPrice-76,403,Forbidden,Thread Group 1-4,text,false,,428,569,5,5,http://automationpractice.com/modules/blocklayered/blocklayered-ajax.php?id_category_layered=8&layered_price_slider=16_53&orderby=price&orderway=desctrue&_=1625726822103,284,0,0
1626157589519,195,SelectCategory-70,403,Forbidden,Thread Group 1-1,text,false,,428,604,5,5,http://automationpractice.com/modules/blocklayered/blocklayered-ajax.php?id_category_layered=5&layered_id_attribute_group_13=13_3&layered_price_slider=16_17&orderby=price&orderway=desctrue&_=1625726754344,195,0,0
1626157593155,267,SelectCategoryByPrice-76,403,Forbidden,Thread Group 1-5,text,false,,428,569,5,5,http://automationpractice.com/modules/blocklayered/blocklayered-ajax.php?id_category_layered=8&layered_price_slider=16_53&orderby=price&orderway=desctrue&_=1625726822103,267,0,0
1626157606223,194,SelectCategory-70,403,Forbidden,Thread Group 1-3,text,false,,428,604,5,5,http://automationpractice.com/modules/blocklayered/blocklayered-ajax.php?id_category_layered=5&layered_id_attribute_group_13=13_3&layered_price_slider=16_17&orderby=price&orderway=desctrue&_=1625726754344,194,0,0
1626157611753,204,SelectCategory-70,403,Forbidden,Thread Group 1-4,text,false,,428,604,5,5,http://automationpractice.com/modules/blocklayered/blocklayered-ajax.php?id_category_layered=5&layered_id_attribute_group_13=13_3&layered_price_slider=16_17&orderby=price&orderway=desctrue&_=1625726754344,204,0,0
